20184889,어벤져스: 엔드게임,Avengers: Endgame,180,미국,액션,안소니 루소,로버트 다우니 주니어,크리스 에반스,마크 러팔로,12세이상관람가,12799658,2019-04-24,https://image.tmdb.org/t/p/w600_and_h900_bestv2/n78LK2t1uQP68Ud0VXHRe0HmKOp.jpg,"인피니티 워 이후 절반만 살아남은 지구, 마지막 희망이 된 어벤져스! 먼저 떠난 그들을 위해 모든 것을 걸었다!",8-LUH0OJKgg,0,0
20185784,나의 특별한 형제,Inseparable Bros,113,한국,드라마,육상효,신하균,이광수,이솜,12세이상관람가,1275433,2019-05-01,https://image.tmdb.org/t/p/w600_and_h900_bestv2/lgSw2aHAgo4uRqgWsM08cKvWo8f.jpg,"비상한 두뇌를 가졌지만 동생 '동구' 없이는 아무 데도 못 가는 형 '세하'(신하균), 뛰어난 수영실력을 갖췄지만 형 '세하' 없이는 아무것도 못 하는 동생 '동구'(이광수). 이들은 피 한 방울 섞이지 않았지만 20년 동안 한 몸처럼 살아온 '특별한 형제'다. 어느 날 형제의 보금자리 '책임의 집'을 운영하던 신부님이 돌아가시자 모든 지원금이 끊기게 되고, 각각 다른 장애를 가진 두 사람은 헤어질 위기에 처하고 만다. 세하는 '책임의 집'을 지키고 동구와 떨어지지 않기 위해 구청 수영장 알바생이자 취준생 '미현'(이솜)을 수영코치로 영입하고, 동구를 수영대회에 출전시켜 사람들의 이목을 집중시키는 데 성공한다. 헤어지지 않을 수 있다는 희망을 본 것도 잠시, 예상치 못한 인물이 형제 앞에 등장하면서 형제는 새로운 위기를 겪게 되는데...",m6FNMV_FnIs,0,0
20184082,걸캅스,Miss & Mrs. Cops,107,한국,코미디,정다원,라미란,이성경,윤상현,15세이상관람가,591977,2019-05-09,https://image.tmdb.org/t/p/w600_and_h900_bestv2/v1sfULur2KiJIPGiXjGTDWNWxG.jpg,"민원실 퇴출 0순위 전직 전설의 형사 '미영'과 민원실로 밀려난 현직 꼴통 형사 '지혜'. 집에서는 눈만 마주쳐도 으르렁 대는 시누이 올케 사이인 두 사람은 민원실에 신고접수를 하기 위해 왔다가 차도에 뛰어든 한 여성을 목격하고 그녀가 48시간 후 업로드가 예고된 디지털 성범죄 사건의 피해자란 사실을 알게 된다. 강력반, 사이버 범죄 수사대, 여성청소년계까지 경찰 내 모든 부서들에서 복잡한 절차와 인력 부족을 이유로 사건이 밀려나자 ‘미영’과 ‘지혜’는 비공식 수사에 나서기로 결심한다. 수사가 진전될수록 형사의 본능이 꿈틀대는 ‘미영’과 정의감에 활활 불타는 ‘지혜’는 드디어 용의자들과 마주할 기회를 잡게 되는데...",3-DwodqeR0c,0,0
20198598,명탐정 피카츄,Pokemon Detective Pikachu,104,미국,액션,롭 레터맨,라이언 레이놀즈,저스티스 스미스,캐서린 뉴튼,전체관람가,453864,2019-05-09,https://image.tmdb.org/t/p/w600_and_h900_bestv2/8Vb7PJ2aUzel5iQ6R2Jxe4MTWac.jpg,"기억을 잃은 채 깨어난 피카츄, 난 누구? 여긴 어디? 유일한 단서는 탐정모자에 적힌 해리란 이름과 주소. 주소 속 아파트에서 자신의 말을 유일하게 알아 듣는, 실종된 해리의 아들 팀 굿맨을 만나게 된다. 명탐정의 촉으로 이건 그야말로 대.박.사.건! 사라진 아빠를 찾기 위해 피카츄와 떠나는 기상천외한 모험이 시작된다. 피카피카!",iY50AnMvuio,0,0
20198183,뽀로로 극장판 보물섬 대모험,Treasure Island Adventure,79,한국,애니메이션,김현호,이선,이미자,김현지,전체관람가,721423,2019-04-25,https://image.tmdb.org/t/p/w600_and_h900_bestv2/3iy8XN5nlCewKP9YGlNEuHOo8dq.jpg,"떠나자, 보물섬으로~!  뽀로로와 친구들의 스펙터클 보물찾기 어드벤처!",Tk2wVhOV5NA,0,0
20185384,호텔 뭄바이,Hotel Mumbai,122,호주,스릴러,앤소니 마라스,데브 파텔,아미 해머,나자닌 보니아디,15세이상관람가,37029,2019-05-08,https://image.tmdb.org/t/p/w600_and_h900_bestv2/h9AOgs7GKNJLdvoNPkmJOFB3I7H.jpg,100여 년 전통의 아름다운 초호화 호텔 타지는 오늘도 전 세계에서 온 수백 명의 사람들과 직원들로 북적인다. 다양한 사람들이 호텔 안에서 저녁시간을 보내던 그 때 거대한 폭발음이 들리고 혼비백산한 인파가 호텔로 몰려온다. 그리고 그들과 함께 커다란 배낭을 멘 젊은 청년 몇몇이 호텔로 들어오는데…,,0,0
20188941,악인전,"The Gangster, The Cop, The Devil",109,한국,범죄,이원태,마동석,김무열,김성규,청소년관람불가,21280,2019-05-15,https://image.tmdb.org/t/p/w600_and_h900_bestv2/qzjmbudBcbT06RTqmq4yZuKX8ri.jpg,우연히 연쇄살인마의 표적이 되었다 살아난 조직 보스 장동수와 범인잡기에 혈안이 된 강력반 미친개 정태석. 타협할 수 없는 두 사람이 연쇄살인마 K를 잡기 위해 손잡는다.,3q6QDLpaG18,0,0
20187981,배심원들,Juror 8,113,한국,드라마,홍승완,문소리,박형식,백수장,12세이상관람가,23716,2019-05-15,https://image.tmdb.org/t/p/w600_and_h900_bestv2/7RGciFoNF8E5kA6dGDFABW7qK1Z.jpg,"국민이 참여하는 역사상 최초의 재판이 열리는 날. 모두의 이목이 집중된 가운데, 나이도 직업도 제각각인 8명의 보통 사람들이 배심원단으로 선정된다. 대한민국 첫 배심원이 된 그들 앞에 놓인 사건은 증거, 증언, 자백도 확실한 살해 사건. 양형 결정만 남아있던 재판이었지만 피고인이 갑자기 혐의를 부인하며 배심원들은 예정에 없던 유무죄를 다투게 된다. 생애 처음 누군가의 죄를 심판해야 하는 배심원들과 사상 처음으로 일반인들과 재판을 함께해야 하는 재판부. 모두가 난감한 상황 속 원칙주의자인 재판장 ‘준겸’(문소리)은 정확하고 신속하게 재판을 끌어가려고 한다. 하지만 끈질기게 질문과 문제 제기를 일삼는 8번 배심원 ‘남우’(박형식)를 비롯한 배심원들의 돌발 행동에 재판은 점점 예기치 못한 방향으로 흐르는데...",AsrZkNhXVfw,0,0
20197147,어글리 돌,UglyDolls,87,미국,애니메이션,캘리 애스버리,켈리 클락슨,닉 조나스,자넬 모네,전체관람가,50816,2019-05-01,https://image.tmdb.org/t/p/w600_and_h900_bestv2/wJX6SLX40kMBMf2yk1iXTtqaVTs.jpg,"춤과 노래가 멈추지 않는 행복 마을 ‘어글리 빌’에 사는 사랑둥이 인싸돌 ‘모씨’는 마을 바깥에 어떤 세상이 있을지 늘 궁금해한다. 모씨는 친구 ‘어글리 독’, ‘웨이지’, ‘럭키 뱃’, ‘바보’와 함께 파이프 건너편으로 모험을 떠나기로 결심하고 외모도 성격도 너무 완벽한 ‘퍼펙션 스쿨’의 ‘루’와 ‘맨디‘를 만나 새롭고 짜릿한 세상을 경험한다! 퍼펙션 스쿨에서 최고의 애착 인형이 되기 위한 스파르타 수업에 몰두하던 이들은 인형들의 숨겨진 진실을 마주하고 마는데…",,0,0
20169323,안도 타다오,Samurai Architect Tadao Ando,73,일본,다큐멘터리,미즈노 시게노리,,,,전체관람가,25541,2019-04-25,https://image.tmdb.org/t/p/w600_and_h900_bestv2/oJVp2sHOqcpF4ha9QMHlos39Ebp.jpg,"전문적인 건축교육을 받지 못했지만, 타고난 예술성과 도전정신으로 실력을 인정받은 안도 타다오. 고교시절엔 복서로, 청년시절엔 건축 현장에서 치열한 나날을 보냈던 그는 우연히 서점에서 설계도면을 본 후, 건축가의 꿈을 안고 유럽으로 향한다. 현장에서 익힌 건축지식을 기반으로 콘크리트를 연구한 끝에 누구도 만들 수 없는 건축물을 만들며 노출 콘크리트의 거장이 된 그의 이야기가 시작된다!",WdpSxZpr9og,0,0
20183096,생일,Birthday,120,한국,드라마,이종언,설경구,전도연,김보민,전체관람가,1191115,2019-04-03,https://image.tmdb.org/t/p/w600_and_h900_bestv2/qrLLjnPAqP4nrYW7mX0clSUptiW.jpg,"세상을 먼저 떠난 아들 ‘수호’ 에 대한 그리움을 안고 살아가는 '정일'과 '순남'의 가족. 어김없이 올해도 아들의 생일이 돌아오고, 가족들의 그리움은 더욱 커져만 간다. 수호가 없는 수호의 생일. 가족과 친구들은 함께 모여 서로가 간직했던 특별한 기억을 선물하기로 하는데...",bEm3rC3swg8,0,0
20181877,캡틴 마블,Captain Marvel,123,미국,액션,애너 보든,브리 라슨,사무엘 L. 잭슨,벤 멘델슨,12세이상관람가,5796057,2019-03-06,https://image.tmdb.org/t/p/w600_and_h900_bestv2/jWd9tWuoDPN561r7vp4ekngEe7f.jpg,"1995년, 공군 파일럿 시절의 기억을 잃고 크리족 전사로 살아가던 캐럴 댄버스(브리 라슨)가 지구에 불시착한다. 쉴드 신참 요원 닉 퓨리(사무엘 L. 잭슨)에게 발견되어 팀을 이룬 그들은 지구로 향하는 더 큰 위협을 감지하고 힘을 합쳐 전쟁을 끝내야 하는데…",n1Xz13zlWWw,0,0
20060347,판의 미로 - 오필리아와 세 개의 열쇠,Pan's Labyrinth,118,스페인,드라마,길예르모 델 토로,이바나 바쿠에로,더그 존스,세르지 로페즈,15세이상관람가,482423,2006-11-30,https://image.tmdb.org/t/p/w600_and_h900_bestv2/152dNZttshE1erlIK5GPzTvbQUR.jpg,"먼 옛날 인간들은 모르던 지하 왕국, 행복과 평화로 가득 찬 환상의 세계에 공주가 있었다. 햇빛과 푸른 하늘이 그리웠던 공주는 인간 세계로의 문을 열고 만다. 하지만 너무나 눈부신 햇살에 공주는 기억을 잃은 채로 죽어갔다.  꿈 많은 소녀 오필리아는 만삭인 엄마와 함께 군인인 새아버지의 부대 저택으로 이사를 간다. 하지만 자신을 못마땅해 하는 냉혹한 새아버지에게 두려움을 느끼는 데다, 신비한 숲으로 둘러싸인 저택의 이상한 분위기에 잠을 못 이루던 오필리아에게 요정이 나타난다. 신비로운 모습에 이끌린 오필리아는 요정을 따라 미로로 들어가게 되고 거기서 판이라는 기괴한 요정을 만나는데...",,0,0
20199736,프렌즈: 둥지탈출,Manou the Swift,87,독일,애니메이션,크리스찬 하스,,,,전체관람가,10178,2019-05-01,https://image.tmdb.org/t/p/w600_and_h900_bestv2/1VN6PwvHPsCVdWaiCw9xdQre0Ii.jpg,"갈매기 가족의 둥지에서 자란 칼새의 새끼 ‘마누’는 갈매기 비행 학교에서 가르치는 비행법에 적응하지 못한 미운 아기 새가 되고 만다. 갈매기 대장 ‘칼리프’는 열등생 ‘마누’를 둥지에서 쫓아내려 하고, ‘마누’는 갈매기들과 다시 가족이 되기 위해 깃털 친구들의 도움을 받아 날기 대회 1등에 도전하기로 하는데… 가족과 함께하기 위해 둥지를 탈출한 ‘마누’ 과연 미운 아기 새에서 벗어나 하늘 높이 날아 오를 수 있을까?!",,0,0
20183454,요로나의 저주,The Curse of La Llorona,93,미국,공포(호러),마이클 차베즈,린다 카델리니,패트리시아 벨라즈퀘즈,레이몬드 크루즈,15세이상관람가,197127,2019-04-17,https://image.tmdb.org/t/p/w600_and_h900_bestv2/8kllbCOM38idMWXzsk6mMzpbcsC.jpg,"1973년, 애나는 남편 없이 두 아이와 살고 있다. 사회복지사인 애나가 담당하던 한 여인의 아이들이 불의의 사고로 목숨을 잃자, 그녀는 이것이 ‘요로나’의 짓이라면서 애나에게도 똑같은 저주가 내릴 것이라 예언한다. 어느 날부터인가 울음소리를 들려오고 의문의 존재가 아이들을 위협하는데...",5AJVjhMYkBE,0,0
20180825,미성년,Another Child,95,한국,드라마,김윤석,염정아,김소진,김혜준,15세이상관람가,279305,2019-04-11,https://image.tmdb.org/t/p/w600_and_h900_bestv2/84ybyWeNn8HC7Lu1BxvJlXx1nea.jpg,"같은 학교 2학년 주리(김혜준)와 윤아(박세진)가 학교 옥상에서 만났다. 최근 주리의 아빠 대원(김윤석)과 윤아의 엄마 미희(김소진) 사이에 벌어진 일을 알게 된 두 사람. 이 상황이 커지는 것을 막고 싶은 주리는 어떻게든 엄마 영주(염정아) 몰래 수습해보려 하지만 윤아는 어른들 일에는 관심 없다며 엮이지 않으려 한다. 그 때, 떨어진 주리의 핸드폰을 뺏어든 윤아는 영주의 전화를 받아 그 동안 감춰왔던 엄청난 비밀을 폭로해 버리고, 이를 본 주리는 멘붕에 빠지게 되는데…",2r6FaDvHnb0,0,0
20198982,크게 될 놈,,108,한국,드라마,강지은,김해숙,손호준,남보라,15세이상관람가,90320,2019-04-18,https://image.tmdb.org/t/p/w600_and_h900_bestv2/li1v9SNnU63b0i5lj1Os8ulmkrg.jpg,"전라도 어느 섬마을, 기강과 기순 남매의 엄니 ‘순옥’(김해숙). 깡다구 하나는 알아주는 순옥의 사고뭉치 아들 ‘기강’(손호준). 집을 나간 기강은 무모한 성공만을 꿈꾸다, 결국 범죄자로 전락해 사형을 선고 받게 된다. 정부는 엄정한 법집행을 이유로 사형집행을 발표하고, 언제 죽을지 모른다는 불안과 공포로 자포자기한 기강에게 평생 까막눈으로 살아온 엄니의 생애 첫 편지가 도착하는데……",_lHjdy-97m8,0,0
19990220,노팅 힐,Notting Hill,124,미국,멜로/로맨스,로저 미첼,줄리아 로버츠,휴 그랜트,,12세관람가,49958,1999-07-03,https://image.tmdb.org/t/p/w600_and_h900_bestv2/1AbAtQSgN4KKVODiiX2452dlDJD.jpg,"윌리엄 태커(휴 그랜트분)는 웨스트 런던의 ‘노팅 힐’에 사는 소심한 남자. 역시 독신의 괴상한 친구 스파이크(리스 아이판스 분)와 함께 살고있는 그는, 노팅힐 시장 한쪽 구석에 위치한 조그마한 여행서적 전문점을 운영하며 살고 있다. 그에게는 미래에 대한 포부나 설계는 사치에 불과하다. 여느 때와 마찬가지로 무미건조한 하루를 보내고 있던 그는 세계적으로 유명한 인기 영화배우 안나 스콧(줄리아 로버츠 분)이 그의 책방 문을 열고 들어와 책을 사고 나가자 잠깐 동안에 일어난 이 엄청난 사건에 어쩔 줄을 모른다.",gPhXjrDANGk,0,0
20176103,돈,Money,115,한국,범죄,박누리,류준열,유지태,조우진,15세이상관람가,3388756,2019-03-20,https://image.tmdb.org/t/p/w600_and_h900_bestv2/4aW4qAmWEmQjN3wWT9spMhjvM2B.jpg,"오직 부자가 되고 싶은 꿈을 품고 여의도 증권가에 입성한 신입 주식 브로커 조일현(류준열). 빽도 줄도 없는, 수수료 O원의 그는 곧 해고 직전의 처지로 몰린다. 위기의 순간, 베일에 싸인 신화적인 작전 설계자 번호표(유지태)를 만나게 되고, 막대한 이익을 챙길 수 있는 거래 참여를 제안 받는다. 위험한 제안을 받아들인 후 순식간에 큰 돈을 벌게 되는 일현. 승승장구하는 일현 앞에 번호표의 뒤를 쫓던 금융감독원의 사냥개 한지철(조우진)이 나타나 그를 조여 오기 시작하는데…",dbCoJpk7_dA,0,0
20198104,바이스,VICE,132,미국,드라마,아담 맥케이,크리스찬 베일,에이미 아담스,스티브 카렐,15세이상관람가,131698,2019-04-11,https://image.tmdb.org/t/p/w600_and_h900_bestv2/bdOClE5efi9o2tNJFmV1gzLTbzm.jpg,"대기업의 CEO에서 펜타곤 수장을 거쳐 미국 부통령까지 오른 딕 체니(크리스찬 베일). 재임 시절, 보이지 않는 이면에서 그가 내린 결정들은 세계의 흐름을 바꿔 버리고 뒤바뀐 역사는 다시는 회복될 수 없는 시간에 묻혀버렸다. 이제 그가 바꾼 글로벌한 역사의 변곡점들을 추적한다.",sck0vWb6GvU,0,0
20185406,헬보이,Hellboy,120,미국,액션,닐 마샬,데이빗 하버,밀라 요보비치,이안 맥쉐인,청소년관람불가,311910,2019-04-10,https://image.tmdb.org/t/p/w600_and_h900_bestv2/gua7L4syuPUZeG35lpu5xvOzquH.jpg,"'헬보이' 자신이 소속된 B.P.R.D의 임무로 영국의 한 비밀 단체의 괴수 사냥을 도우러 갔지만 되려 공격을 당하고, 곧 영국에서 어마어마한 일이 벌어지고 있다는 것을 알게 된다. 서기 566년, 아서왕에게 패하고 몸이 7조각으로 나뉘어 봉인된 '블러드 퀸'을 다시 부활시켜 인류를 파멸시키려는 초자연적 빌런들에 의해 영국은 물론 전 세계가 위험에 빠지게 된다. 헬보이는 이들에 맞서 인류를 위험으로부터 구해야만 하는데…",AcTh8rqs2Fc,0,0
20182501,왓칭,Watching,97,한국,공포(호러),김성기,강예원,이학주,주석태,15세이상관람가,46139,2019-04-17,https://image.tmdb.org/t/p/w600_and_h900_bestv2/vpKk8ARxhNVDna9Nx4JZamhAKOQ.jpg,"늦은 시간까지 일하고 퇴근하던 ‘영우’는 수십 개의 CCTV로 둘러싸인 회사 지하주차장에서 정신을 잃고 만다. 눈을 뜬 그녀 앞에 등장한 건 바로 평소 안면이 있던 회사 경비원 ‘준호’. 갈아 입혀져 있는 붉은 드레스와 하이힐, 눈앞에 펼쳐진 장면은 바로 경비실 안 수십 개의 CCTV 화면들! 집, 자동차, 회사, 카페 등 자신의 모든 일상이 준호의 손바닥 안에서 감시되었다는 사실을 알게 된 ‘영우’는 필사의 탈출을 시작하는데...",LBmIcROdOaE,0,0
20198844,아이 엠 마더,Peppermint,101,미국,액션,피에르 모렐,제니퍼 가너,존 갤러거 주니어,,15세이상관람가,83953,2019-04-11,https://image.tmdb.org/t/p/w600_and_h900_bestv2/40gB52mM3tEMrM5jgiFVUBmPe3r.jpg,"평범한 주부 ‘라일리’(제니퍼 가너)는 딸의 10번째 생일날 마약 조직원들의 총격에 눈앞에서 남편과 딸을 잃는다. 충격에서 깨어난 ‘라일리’는 증인석에서 범인을 지목하지만, 부패한 판사는 이들을 풀어준다. 5년 후, 총격 사건과 연관 있는 인물들이 하나 둘씩 살해당하고 언론과 경찰은 거액의 돈과 함께 사라진 ‘라일리’를 범인으로 지목하는데…  모든 준비는 끝났다! 오늘, 그녀의 정의가 세상을 뒤흔든다!",C0yTvYG667c,0,0
20196244,샤잠!,SHAZAM!,131,미국,액션,데이비드 F. 샌드버그,제커리 리바이,애셔 앤젤,잭 딜런 그레이져,12세이상관람가,636971,2019-04-03,https://image.tmdb.org/t/p/w600_and_h900_bestv2/sPZxApU8d90Czd11S60UqOhuP9R.jpg,"솔로몬의 지혜, 헤라클레스의 힘, 아틀라스의 체력, 제우스의 권능, 아킬레스의 용기, 머큐리의 스피드까지 우연히 슈퍼 파워를 얻게 된 소년. 자신의 능력을 깨닫고 악당을 물리치는 슈퍼히어로로 다시 태어난다! 주문을 외쳐라, ‘샤잠’!",li1vYlPdzDc,0,0
20185352,어스,Us,116,미국,공포(호러),조던 필,루피타 뇽,윈스턴 듀크,엘리자베스 모스,15세이상관람가,1450903,2019-03-27,https://image.tmdb.org/t/p/w600_and_h900_bestv2/vfNBftZoXsUnNWccz8ew9h8Jicx.jpg,"애들레이드와 게이브 윌슨(루피타 뇽오와 윈스턴 듀크)은 아이들을 데리고 캘리포니아 북부에 있는 아들레이드의 오래된 해변가로 여름 휴가를 떠난다. 다음날 합류 한 타일러 가족(엘리자베스 모스와 팀 하이데커)과 함께 해변에서 하루를 보내지만, 애들레이드는 과거에 겪은 트라우마 증상이 심해지며 나쁜 일이 일어날 것이라는 공포에 시달린다. 밤이 되고 윌슨은 차도에 조용히 서있는 네명의 손을 맞잡은 뭔가를 보게 되는데...",VNh9Iwd0vhM,0,0
20197423,공포의 묘지,Pet Sematary,100,미국,공포(호러),케빈 콜쉬,제이슨 클락,존 리스고,에이미 세이메츠,15세이상관람가,87134,2019-04-10,https://image.tmdb.org/t/p/w600_and_h900_bestv2/vMwJY1zpUZ0zsLFyIqVVWuAzZQz.jpg,"갑작스런 사고로 딸 엘리를 잃은 크리드(제이슨 클락)는 죽은 것이 살아 돌아온다는 애완동물 공동묘지에 딸을 묻게 되고, 어딘가 다른 모습으로 돌아온 엘리는 무시무시한 공포의 대상이 되어 가족들의 숨통을 조여오는데…",WyRv4tz9SyQ,0,0
20183773,장난스런 키스,Fall in Love at First Kiss,122,대만,멜로/로맨스,프랭키 첸,왕대륙,임윤,,12세이상관람가,390548,2019-03-27,https://image.tmdb.org/t/p/w600_and_h900_bestv2/wtaSH8MfJSCEIrrEX9SQuHdU5sl.jpg,"A반 남신 ‘장즈수’와 처음 본 순간 KISS한 F반 ‘위안샹친’! 수학처럼 안 풀려도 절대 포기할 수 없는 확률 0% 멀고도 용감한 짝사랑 일대기.  장난 아니게 설레는 로코의 새로운 흥행 공식. 2019년 봄, 너 x 나 = 공식 ♡ 로코",r7CLEHF3Efw,0,0
20198403,파이브 피트,Five Feet Apart,116,미국,드라마,저스틴 밸도니,콜 스프로즈,헤일리 루 리차드슨,클레어 폴라니,15세이상관람가,67395,2019-04-10,https://image.tmdb.org/t/p/w600_and_h900_bestv2/oXDWCIrCCA8kfz3kLIzfN61GafF.jpg,"같은 병을 가진 사람끼리 6피트 이상 접근해서도, 접촉도 해선 안되는 CF(낭포성 섬유증)를 가진 ‘스텔라’와 ‘윌’. 첫눈에 반한 두 사람은 서로를 위해 안전거리를 유지하려고 하지만 그럴수록 더욱 빠져든다. 손을 잡을 수도 키스를 할 수도 없는 그들은 병 때문에 지켜야 했던 6피트에서 1피트 더 가까워지는 걸 선택하고 처음으로 용기를 내 병원 밖 데이트를 결심한다. 그러나 갑자기 숨을 쉬지 못하는 ‘스텔라’. ‘윌’은 그녀를 살리기 위해 안전거리를 어기게 되는데…",vSq5P7rEbZA,0,0
20196025,덤보,Dumbo,111,미국,가족,팀 버튼,콜린 파렐,마이클 키튼,대니 드비토,전체관람가,296253,2019-03-27,https://image.tmdb.org/t/p/w600_and_h900_bestv2/ffiqLwHHHRKXs6cXKj0278qPi8H.jpg,"몸보다 훨씬 큰 귀를 가지고 태어나, 뒤뚱거리는 모습으로 서커스단의 웃음거리가 된 ‘덤보’. 어느 날 왕년의 서커스 스타 ‘홀트(콜린 파렐)’와 그의 아이들, 밀리와 조가 ’덤보’가 하늘을 날 수 있다는 것을 알게 되고, 유능한 사업가 ‘반데비어(마이클 키튼)’가 ‘덤보’를 스타로 만들기 위해 접근한다. 매력적인 공중 곡예사 ‘콜레트(에바 그린)’와 함께 하늘을 날게 된 ‘덤보’는 그의 친구들과 함께 환상적인 쇼를 둘러싼 어둠의 비밀을 발견하게 되는데…",gffB1HO3azU,0,0
20197092,로망,Romang,111,한국,멜로/로맨스,이창근,이순재,정영숙,조한철,전체관람가,46938,2019-04-03,https://image.tmdb.org/t/p/w600_and_h900_bestv2/9InB0qJsI8kKdrUwVXgkqmKZzSl.jpg,"75세 조남봉과 71세 이매자는 치매 부부입니다. 결혼 45년차, 몸도 마음도 닮아진 부부는 이제 세상에 단 둘만 있는 것처럼 삽니다. 매일 기억이 흐릿해지지만, 먹고 사느라 잊었던 로망은 점점 더 선명해집니다.",dd2aTteZxt8,0,0
20198146,콜레트,COLETTE,112,영국,드라마,워시 웨스트모어랜드,키이라 나이틀리,도미닉 웨스트,엘리너 톰린슨,15세이상관람가,35223,2019-03-27,https://image.tmdb.org/t/p/w600_and_h900_bestv2/lz8JiwPiIyxjrvP8CdcjDvs20Fy.jpg,"프랑스 생 소뵈르 작은 마을의 소녀 콜레트. 바람둥이 소설 편집자 윌리와 사랑에 빠져 파리에 왔지만 기대만큼 행복하지 않다. 파리의 콧대 높은 사교계와 화려하기만 한 물랑루즈에 지쳐갈 무렵 경제적 어려움에 처한 윌리의 부탁으로 자신의 경험을 녹인 소설을 쓰게 된다. 콜레트의 소설은 남편의 이름으로 출판되어 베스트셀러에 오르고 급기야 소설 속 주인공 이름을 딴 브랜드까지 런칭, 모든 상품들을 완판시키며 신드롬을 일으킨다 패션, 헤어스타일까지 유행을 이끌며 최고의 인플루언서가 되지만 모든 성공과 명예는 남편 윌리에게 돌아간다. 남편 뒤에 숨어있던 콜레트는 용기를 내어 자신의 존재를 드러내기로 결심하는데…",DKPK8JnjOp0,0,0
20197846,악질경찰,Jo Pil-ho: The Dawning Rage,127,한국,범죄,이정범,이선균,전소니,박해준,청소년관람불가,254451,2019-03-20,https://image.tmdb.org/t/p/w600_and_h900_bestv2/vC6cgD0hJlM9H5Ejv79G7esSv25.jpg,"뒷돈은 챙기고, 비리는 눈감고, 범죄는 사주하는 악질경찰 조필호(이선균), 급하게 목돈이 필요했던 그는 경찰 압수창고를 털 계획을 세운다. 그러나 사건 당일 밤, 조필호의 사주를 받아 창고에 들어간 한기철(정가람)이 의문의 폭발사고로 죽게 되고, 필호는 유일한 용의자로 지목된다. 설상가상 거대기업의 불법 비자금 자료까지 타버려 검찰의 수사선상에도 오른다. 위기에서 벗어나기 위해 사건을 쫓던 중, 폭발사건의 증거를 가진 고등학생 미나(전소니)와 엮이게 되고 빙산의 일각에 불과한 거대한 음모와 마주치게 되는데...",YEKyOEXq23g,0,0
20175407,우상,Idol,143,한국,스릴러,이수진,한석규,설경구,천우희,15세이상관람가,175481,2019-03-20,https://image.tmdb.org/t/p/w600_and_h900_bestv2/bm7B7qPQo0UZTwxmQzUKZecg0O1.jpg,"청렴한 도덕성으로 시민들의 뜨거운 지지를 받으며 차기 도지사로 주목받고 있는 도의원 구명회(한석규), 어느 날 아들이 교통사고를 내고 이를 은폐한 사실을 알게 된다. 신망받는 자신의 정치 인생이 무엇보다 중요했던 그는 아들을 자수시킨다. 오직 아들만이 세상의 전부인 유중식(설경구)은 지체 장애 아들 부남을 위해서라면 못할 것이 없다. 자신의 모든 것인 아들이 갑자기 교통사고를 당해 싸늘한 시체로 돌아오자 절망에 빠진다. 사고 당일 아들의 행적을 이해할 수 없고, 함께 있다 자취를 감춘 며느리 최련화(천우희)를 찾기 위해 경찰에 도움을 청하지만 그의 말을 들어주는 사람은 없다. 아들의 죽음 너머에 드리운 비밀을 밝히기 위해 중식은 홀로 사고를 파헤치기 시작한다. 한편 그날 밤 사고의 진실을 유일하게 알고 있는 최련화, 부남과 함께 있다 연기처럼 사라져버린 그녀에게는 아무도 알지 못하는, 알아서도 안 될 진실이 숨겨져 있는데…",_rP5cLZuQlk,0,0
20166301,썬키스 패밀리,Sunkist Family,105,한국,가족,김지혜,박희순,진경,황우슬혜,15세이상관람가,26086,2019-03-27,https://image.tmdb.org/t/p/w600_and_h900_bestv2/tKq9w3g3I6ZFcqgP4MTOM72KrIP.jpg,"결혼 20년 차에도 식을 줄 모르는 사랑을 나누는 뜨거운 부부 준호(박희순)와 유미(진경), 그러나 이들의 두 자녀 아들 철원(장성범)과 딸 경주(윤보라)는 성인이 되었지만 뜻밖의 신체적 문제로 사랑을 하는 것이 세상 어렵다. 늦둥이 막내딸 진해(이고은)에게는 매일 밤 부모의 침실에서 들려오는 소리 ‘삐그덕 쿵’이 ‘가족의 행복전선 이상무’를 알리는 신호였다. 그러던 어느 날, 옆집에 아빠의 친구라는 예쁜 아줌마 미희(황우슬혜)가 이사를 오고 엄마의 불 같은 오해(!)가 시작되는데. 그날 밤부터 ‘삐그덕 쿵’ 소리가 멈추고 가족의 행복발전소 가동이 멈췄다!",BN76YlpKCDo,0,0
20197483,1919 유관순,,79,한국,다큐멘터리,신상민,이새봄,양윤희,김나니,12세이상관람가,46858,2019-03-14,https://image.tmdb.org/t/p/w600_and_h900_bestv2/iyaWX6nJUoCocHEhQzW2onM1GwT.jpg,"100년 전, 소녀들이 대한독립을 위해 세상에 맞서기 시작했다. 우리가 기억해야 할 그 시절 모든 소녀들의 이름, 그녀들이 남긴 그날의 가장 생생한 기록!",,0,0
20197283,이스케이프 룸,The Escape Room,99,미국,액션,애덤 로비텔,테일러 러셀,로건 밀러,제이 엘리스,15세이상관람가,544462,2019-03-14,https://image.tmdb.org/t/p/w600_and_h900_bestv2/7V6CQFqg7Iqwvqnc0IPZssTNleK.jpg,"커플 데이트를 즐기기 위해 LA의 가장 인기 있는 방탈출 카페를 찾은 네 명의 남녀. 그러나 게임 도중 실수로 저주받은 ‘스컬 박스’를 열게 되고, 그로 인해 밀실에 있던 살인마에게 악령이 빙의 되면서 이들의 데이트는 악몽으로 뒤바뀐다. 살아서 이 방을 나갈 수 있는 방법은 오직 단 하나. 제한 시간 60분 안에 살인마의 눈을 피해 유일한 출구를 열 수 있는 단서를 찾아야만 한다.",,0,0
20197356,라스트 미션,The Mule,116,미국,드라마,클린트 이스트우드,클린트 이스트우드,타이사 파미가,브래들리 쿠퍼,15세이상관람가,93476,2019-03-14,https://image.tmdb.org/t/p/w600_and_h900_bestv2/uoP6ax0PqMTdd8b2jkpEXuEkqvi.jpg,"원예가로 스타 대접을 받는 얼(클린트 이스트우드)은 딸의 결혼식 대신 새로운 백합 품종을 소개하는 파티에 참석할 정도로 일을 우선시한 이기적인 남자다. 12년 후, 영광은 시대에 밀려 사라지고 농장은 경영난으로 문을 닫지만 얼 곁엔 아무도 남아 있지 않다. 가족 곁으로 돌아가고 싶지만 용기가 없던 찰나 멕시코 갱단의 마약 운반책 제안을 받은 얼은 그렇게 번 돈을 가족을 위해 쓰며 지난날의 과오를 바로잡으려 한다. 한편 마약 조직에 새로 나타난 정체불명의 운반책을 잡기 위해 고군분투 중인 특수요원 콜린(브래들리 쿠퍼)이 점차 포위망을 좁혀오는데...",wftbUzAEnb4,0,0
20198603,페이트 스테이 나이트 헤븐즈필 제2장 로스트 버터플라이,Fate/stay night [Heaven's Feel] II.lost butterfly,117,일본,애니메이션,스도 토모노리,스기야마 노리아키,시타야 노리코,카미야 히로시,15세이상관람가,24340,2019-03-21,https://image.tmdb.org/t/p/w600_and_h900_bestv2/jrwCvGKj2W2VkyMsyWKbzzx0kew.jpg,"10년 만에 후유키시에서 시작된 [성배전쟁]은 이 전쟁의 3대 가문인 마토 가문의 당주 마토 조켄의 참전으로 인하여 일그러지고, 뒤틀리고, 어긋나 버렸다. 마스터로서 싸움에 가담한 에미야 시로도 부상을 입고 서번트인 세이버마저 잃어버렸지만, 그는 마토 사쿠라를 지키기 위해 싸움에서 물러나지 않는다. 하지만 그녀 또한 마술사의 숙명에 사로잡히는데...",,0,0
20197617,정글북: 마법 원정대,Savva,80,러시아,애니메이션,막심 파디브,,,,전체관람가,22534,2019-03-21,https://image.tmdb.org/t/p/w600_and_h900_bestv2/1hACREScXznocb3bZQXqciHaMD8.jpg,"평화로운 마을을 습격한 하이에나들은 마을의 식량을 빼앗고 사바의 엄마와 마을 사람들을 가두어 버린다. 사바는 전설 속 영웅을 찾기로 결심하고 숲을 지키는 늑대 영웅 리키와 함께 모험을 떠난다. 모험 중, 저주에 걸린 마법 원정대를 만나게 된 사바와 리키. 이들은 힘을 합쳐 마법사를 찾아 가야만 하는데… 한편, 악당 대왕 원숭이 조지맘과 부하들은 이들을 막기 위해 거대한 전쟁을 일으키려 한다. 과연 사바와 마법 원정대는 무사히 마을을 구해낼 수 있을까?",,0,0
20184574,그린 북,Green Book,130,미국,드라마,피터 패럴리,비고 모텐슨,마허샬라 알리,,12세이상관람가,409871,2019-01-09,https://image.tmdb.org/t/p/w600_and_h900_bestv2/hQw6PEX5t8I869GNiuz72EDsTuz.jpg,"1962년 미국, 입담과 주먹만 믿고 살아가던 토니 발레롱가(비고 모텐슨)는 교양과 우아함 그 자체인 천재 피아니스트 돈 셜리(마허샬라 알리)의 운전기사 면접을 보게 된다. 백악관에도 초청되는 등 미국 전역에서 콘서트 요청을 받으며 명성을 떨치고 있는 돈 셜리는 위험하기로 소문난 미국 남부 투어 공연을 떠나기로 결심하고, 투어 기간 동안 자신의 보디가드 겸 운전기사로 토니를 고용한다. 거친 인생을 살아온 토니와 교양과 기품을 지키며 살아온 돈. 생각, 행동, 말투, 취향까지 달라도 너무 다른 두 사람은 그들을 위한 여행안내서 그린북에 의존해 특별한 남부 투어를 시작하는데...",S0xxtl3rSw0,0,0
20196601,항거:유관순 이야기,A Resistance,105,한국,드라마,조민호,고아성,김새벽,김예은,12세이상관람가,1143978,2019-02-27,https://image.tmdb.org/t/p/w600_and_h900_bestv2/qHOwoPTZDRERslz6nR3QzKjnw1y.jpg,"1919년 3.1 만세운동 후 세평도 안 되는 서대문 감옥 8호실 속, 영혼만은 누구보다 자유로웠던 유관순과 8호실 여성들의 1년의 이야기.",cU_lhnaFNiA,0,0
20182530,극한직업,Extreme Job,111,한국,코미디,이병헌,류승룡,이하늬,진선규,15세이상관람가,16243233,2019-01-23,https://image.tmdb.org/t/p/w600_and_h900_bestv2/mkMQDyrJ9g4j6JSBrq7Nv4esSKY.jpg,"불철주야 달리고 구르지만 실적은 바닥, 급기야 해체 위기를 맞는 마약반!  더 이상 물러설 곳이 없는 팀의 맏형 고반장은 국제 범죄조직의 국내 마약 밀반입 정황을 포착하고 장형사, 마형사, 영호, 재훈까지 4명의 팀원들과 함께 잠복 수사에 나선다.  마약반은 24시간 감시를 위해 범죄조직의 아지트 앞 치킨집을 인수해 위장 창업을 하게 되고, 뜻밖의 절대미각을 지닌 마형사의 숨은 재능으로 치킨집은 일약 맛집으로 입소문이 나기 시작한다.  수사는 뒷전, 치킨장사로 눈코 뜰 새 없이 바빠진 마약반에게 어느 날 절호의 기회가 찾아오는데…",BaIRaKXrLPk,0,0
20185881,증인,Innocent Witness,129,한국,드라마,이한,정우성,김향기,이규형,12세이상관람가,2519150,2019-02-13,https://image.tmdb.org/t/p/w600_and_h900_bestv2/iv37yISyjBd9Qnp3wZAui5IpYAk.jpg,"신념은 잠시 접어두고 현실을 위해 속물이 되기로 마음먹은 민변 출신의 대형 로펌 변호사 ‘순호’(정우성). 파트너 변호사로 승진할 수 있는 큰 기회가 걸린 사건의 변호사로 지목되자 살인 용의자의 무죄를 입증하기 위해 유일한 목격자인 자폐 소녀 ‘지우’(김향기)를 증인으로 세우려 한다. 자기만의 세계에 빠져 의사소통이 어려운 ‘지우’. ‘순호’는 사건 당일 목격한 것을 묻기 위해 ‘지우’를 찾아가지만, 제대로 된 인사조차 나누지 못한다. 하지만 그날의 이야기를 듣기 위해 지우에게 다가가려 노력하는 ‘순호’, 시간이 흐를수록 조금씩 ‘지우’에 대해 이해하게 되지만 이제 두 사람은 법정에서 변호사와 증인으로 마주해야 하는데…",ziVB8AmE2D8,0,0
20177539,사바하,SVAHA : THE SIXTH FINGER,122,한국,미스터리,장재현,이정재,박정민,이재인,15세이상관람가,2389760,2019-02-20,https://image.tmdb.org/t/p/w600_and_h900_bestv2/9NvqPjMwjQ2hGwSEXcZ1VZ4mqVS.jpg,"신흥 종교 비리를 찾아내는 종교문제연구소 ‘박목사’(이정재). 최근 사슴동산이라는 새로운 종교 단체를 조사 중이다. 영월 터널에서 여중생이 사체로 발견되는 사건이 발생하고 이를 쫓던 경찰과 우연히 사슴동산에서 마주친 박목사는 이번 건이 심상치 않음을 직감한다. 터널 사건 유력 용의자의 자살, 그리고 실체를 알 수 없는 정비공 ‘나한’(박정민)과 16년 전 태어난 쌍둥이 동생 ‘금화’(이재인)의 존재까지, 사슴동산에 대해 파고들수록 박목사는 점점 더 많은 미스터리와 마주하게 되는데…!",X6-fD7MuEYM,0,0
20196723,숲속왕국의 꿀벌 여왕,Tall Tales,87,프랑스,애니메이션,아르나드 부롱,최원형,장은숙,안종덕,전체관람가,18305,2019-03-14,https://image.tmdb.org/t/p/w600_and_h900_bestv2/mXRzCDd77kgCggUOdWFL7Ilg9su.jpg,"여러 곤충들이 어울려 사는 숲속왕국, 특별 파티를 앞두고 꿀벌 여왕 ‘마가렛’이 사라졌다? 베짱이 뮤지션과 친구들은 사건을 해결하기 위해 나서는데… 과연 왕국의 평화를 되찾을 수 있을까?",,0,0
20180937,더 페이버릿: 여왕의 여자,THE FAVOURITE,119,미국,드라마,요르고스 란티모스,올리비아 콜맨,엠마 스톤,레이첼 와이즈,15세이상관람가,133508,2019-02-21,https://image.tmdb.org/t/p/w600_and_h900_bestv2/gRYzmzDAGrNhIiWtkih5OXsPB1i.jpg,절대 권력을 지닌 히스테릭한 영국의 여왕 ‘앤’(올리비아 콜맨). ​여왕의 오랜 친구이자 권력의 실세 ‘사라 제닝스’(레이첼 와이즈)와 ​신분 상승을 노리는 몰락한 귀족 가문 출신의 욕망 하녀 ​‘애비게일 힐’(엠마 스톤)은 여왕의 총애를 받기 위해 ​수단과 방법을 가리지 않고 발버둥치기 시작하는데…​,tJGnxGbddtc,0,0
20177282,리노,Lino - Adventure of Seven Lives,88,브라질,애니메이션,라파엘 리바스,,,,전체관람가,16489,2019-03-07,https://image.tmdb.org/t/p/w600_and_h900_bestv2/cjyP5DCBn0HguOYL4WZ0y1voQ38.jpg,"못생긴 고양이 분장 전문 파티 플래너 ‘리노’는 소심한 성격에 되는 일 하나 없는 불만 가득 청년. 하루하루 무기력하게 살아가던 중 우연히 광고를 보고 찾아간 마법사 ‘돈 레옹’에게 자신의 인생을 변화시켜 줄 것을 요청하지만 마법사의 실수로 진짜 고양이로 변하게 된다. 귀엽고 커다란 고양이의 모습에 난생 처음으로 사람들의 관심을 한 몸에 받지만, 얼마 안 가 인생 최대의 위기를 맞게 되는데…  과연 ‘리노’는 위기를 극복하고 원래의 모습으로 돌아갈 수 있을까?",,0,0
20176442,자전차왕 엄복동,Race to Freedom : Um Bok Dong,116,한국,드라마,김유성,정지훈,강소라,이범수,12세이상관람가,168884,2019-02-27,https://image.tmdb.org/t/p/w600_and_h900_bestv2/zFLAZe7W95FBtmt19mTYzMSp4Ep.jpg,"일제강점기, 일본에서는 조선의 민족의식을 꺾고 그들의 지배력을 과시하기 위해 전조선자전차대회를 개최한다. 하지만 일본 최고의 선수들을 제치고 조선인 최초로 우승을 차지한 엄복동의 등장으로 일본의 계략은 실패로 돌아가고, 계속되는 무패행진으로 ‘민족 영웅’으로 떠오른 그의 존재에 조선 전역은 들끓기 시작한다. 때맞춰 애국단의 활약까지 거세지자 위기감을 느낀 일본은 엄복동의 우승을 막고 조선인들의 사기를 꺾기 위해 최후의 자전차 대회를 개최하는데...",Hxj7QgkWf90,0,0
20195743,신데렐라:마법 반지의 비밀,Cinderella and The Secret Prince,87,미국,애니메이션,린 사우더랜드,사문영,김혜성,남도형,전체관람가,281705,2019-02-20,https://image.tmdb.org/t/p/w600_and_h900_bestv2/fb3R1wWL87QLt5DwsXrSBVnq15B.jpg,"새엄마와 두 언니의 구박에도 늘 씩씩한 신데렐라는 꼬꼬마 마법사 크리스탈의 도움으로 생쥐 친구들과 함께 왕궁 무도회에 참석하게 된다. 하지만 진짜 왕자는 마녀의 주문에 걸려 있다는 사실을 알게 되고, 왕자를 구하기 위해 마법의 숲에 있는 전설 속 반지를 찾기 위한 모험을 시작하는데…",,0,0
20195791,"어쩌다, 결혼",Trade Your Love,87,한국,멜로/로맨스,박수진,김동욱,고성희,황보라,12세이상관람가,70827,2019-02-27,https://image.tmdb.org/t/p/w600_and_h900_bestv2/aR9x3P92cQeWi1EaJBxoxkbMPnK.jpg,"재산을 물려받기 위해서는 결혼을 꼭 해야만 하는 ‘성석’(김동욱). 엄마와 세 오빠의 결혼 압박에서 벗어나 나만의 인생을 찾고 싶은 ‘해주’(고성희). 부모님의 등쌀에 못 이겨 나간 맞선 자리에서 만나게 된 둘은 각자의 목적을 달성하기 위해 딱! 3년간만 결혼하는 ‘척’하기로 계약한다. 하지만 두 사람의 결혼 준비가 진행될수록 방해꾼들은 늘어만 가고, 넘어야 할 산이 한두 개가 아닌데… 결혼하는 척, 같이 사는 척, 딱! 3년만 하는 척! 척! 과연 두 사람의 ‘하는 척’은 성공할 수 있을까?",fVw8YxXw94s,0,0
20186261,드래곤 길들이기 3,How to Train Your Dragon 3,104,미국,애니메이션,딘 데블로이스,제이 바루첼,아메리카 페레라,케이트 블란쳇,전체관람가,1498759,2019-01-30,https://image.tmdb.org/t/p/w600_and_h900_bestv2/tR7qCJvVql0OQ42TzE1T6GUxjsI.jpg,바이킹 족장으로 거듭난 히컵과 그의 영원한 친구 투슬리스가 누구도 찾지 못했던 드래곤의 파라다이스 히든월드를 찾아 떠나는 마지막 모험을 담은 스펙터클 액션 어드벤처,-nMTzdo-E1w,0,0
20188282,알리타: 배틀 엔젤,Alita: Battle Angel,121,미국,액션,로버트 로드리게즈,크리스토프 왈츠,에드 스크레인,,12세이상관람가,1946206,2019-02-05,https://image.tmdb.org/t/p/w600_and_h900_bestv2/EmKXs46sx0YjwMY1LaELSPUFim.jpg,모두가 갈망하는 공중도시와 그들을 위해 존재하는 고철도시로 나누어진 26세기. 고철 더미 속 모든 기억을 잃은 채 깨어난 알리타는 마음 따뜻한 의사 이도의 보살핌으로 새로운 삶을 시작한다. 이도는 사이보그인 알리타에게 특별한 과거의 비밀과 영혼이 존재한다는 사실을 깨닫고 미스터리한 과거로부터 그녀를 지키고자 한다. 한편 새로운 친구 휴고는 알리타가 위험한 고철도시를 헤쳐나갈 수 있는 방법과 함께 기억을 되찾도록 돕는다. 알리타가 자신의 과거에 다가 갈수록 도시를 지배하는 악랄한 세력들이 그녀를 노리며 제거하려고 하는데...,GhRi_BiaT0k,0,0
